accuracy,f1_score
0.956140350877193,0.9531057178116001
0.956140350877193,0.9531057178116001
0.956140350877193,0.9531057178116001
0.956140350877193,0.9531057178116001
