accuracy,f1_score
0.956140350877193,0.9531057178116001
0.9736842105263158,0.9721203228173148
