{
    "mean": {
        "accuracy": 0.9649122807017545,
        "f1_score": 0.962659679004258
    },
    "std": {
        "accuracy": 1.1702778228589004e-16,
        "f1_score": 1.1702778228589004e-16
    },
    "num_runs": 10
}