{
    "mean": {
        "accuracy": 0.9912280701754386,
        "f1_score": 0.99062114356232
    },
    "std": {
        "accuracy": 0.0,
        "f1_score": 0.0
    },
    "num_runs": 10
}