{
    "mean": {
        "accuracy": 0.9298245614035088,
        "f1_score": 0.9246031746031746
    },
    "std": {
        "accuracy": 0.0,
        "f1_score": 0.0
    },
    "num_runs": 4
}