{
    "mean": {
        "accuracy": 0.9824561403508771,
        "f1_score": 0.9811507936507937
    },
    "std": {
        "accuracy": 0.0,
        "f1_score": 0.0
    },
    "num_runs": 2
}