{
    "mean": {
        "accuracy": 0.9736842105263157,
        "f1_score": 0.9721203228173148
    },
    "std": {
        "accuracy": 1.1702778228589004e-16,
        "f1_score": 0.0
    },
    "num_runs": 10
}