accuracy,f1_score
0.9736842105263158,0.9718634306869601
0.9736842105263158,0.9718634306869601
0.9649122807017544,0.9629870129870131
0.956140350877193,0.9535338713621913
