{
    "mean": {
        "accuracy": 0.9649122807017544,
        "f1_score": 0.9626596790042581
    },
    "std": {
        "accuracy": 0.0,
        "f1_score": 0.0
    },
    "num_runs": 2
}