accuracy,f1_score
0.9473684210526315,0.9444805194805195
0.9473684210526315,0.9444805194805195
