accuracy,f1_score
0.9298245614035088,0.9246031746031746
0.9298245614035088,0.9246031746031746
0.9298245614035088,0.9246031746031746
0.9298245614035088,0.9246031746031746
