{
    "mean": {
        "accuracy": 0.9671052631578948,
        "f1_score": 0.9650619364307811
    },
    "std": {
        "accuracy": 0.008398483401371414,
        "f1_score": 0.008750661684634906
    },
    "num_runs": 4
}