{
    "mean": {
        "accuracy": 0.968421052631579,
        "f1_score": 0.9663055822261318
    },
    "std": {
        "accuracy": 0.012542462333056868,
        "f1_score": 0.013368240142890167
    },
    "num_runs": 10
}