{
    "mean": {
        "accuracy": 0.956140350877193,
        "f1_score": 0.9531057178116001
    },
    "std": {
        "accuracy": 0.0,
        "f1_score": 0.0
    },
    "num_runs": 4
}