accuracy,f1_score
0.9649122807017544,0.9623015873015872
0.9649122807017544,0.9623015873015872
