{
    "mean": {
        "accuracy": 0.9736842105263158,
        "f1_score": 0.9718634306869601
    },
    "std": {
        "accuracy": 0.0,
        "f1_score": 0.0
    },
    "num_runs": 2
}