{
    "mean": {
        "accuracy": 0.9736842105263158,
        "f1_score": 0.9719918767521374
    },
    "std": {
        "accuracy": 0.0,
        "f1_score": 0.00018165016740721355
    },
    "num_runs": 2
}