accuracy,f1_score
0.9736842105263158,0.9721203228173148
0.9736842105263158,0.9721203228173148
0.9736842105263158,0.9721203228173148
0.9736842105263158,0.9721203228173148
