accuracy,f1_score
0.9649122807017544,0.9626596790042581
0.9649122807017544,0.9626596790042581
0.9649122807017544,0.9626596790042581
0.9649122807017544,0.9626596790042581
