{
    "mean": {
        "accuracy": 0.9649122807017544,
        "f1_score": 0.9626130203144574
    },
    "std": {
        "accuracy": 0.01240538212607982,
        "f1_score": 0.013445356141124474
    },
    "num_runs": 2
}