{
    "mean": {
        "accuracy": 0.9605263157894737,
        "f1_score": 0.9578826984079292
    },
    "std": {
        "accuracy": 0.00620269106303991,
        "f1_score": 0.006755670746521548
    },
    "num_runs": 2
}