accuracy,f1_score
0.9473684210526315,0.9439895185063871
0.9473684210526315,0.9439895185063871
