accuracy,f1_score
0.9649122807017544,0.9629870129870131
0.9649122807017544,0.9629870129870131
0.9649122807017544,0.9629870129870131
0.9649122807017544,0.9629870129870131
