accuracy,f1_score
0.9824561403508771,0.9811507936507937
0.9824561403508771,0.9811507936507937
