accuracy,f1_score
0.956140350877193,0.9531057178116001
0.9649122807017544,0.9626596790042581
