{
    "mean": {
        "accuracy": 0.9473684210526315,
        "f1_score": 0.9444805194805195
    },
    "std": {
        "accuracy": 0.0,
        "f1_score": 0.0
    },
    "num_runs": 2
}