{
    "mean": {
        "accuracy": 0.982456140350877,
        "f1_score": 0.9811507936507938
    },
    "std": {
        "accuracy": 1.1702778228589004e-16,
        "f1_score": 1.1702778228589004e-16
    },
    "num_runs": 10
}