{
    "mean": {
        "accuracy": 0.9649122807017544,
        "f1_score": 0.9629870129870131
    },
    "std": {
        "accuracy": 0.0,
        "f1_score": 0.0
    },
    "num_runs": 4
}