{
    "mean": {
        "accuracy": 0.5487643099297401,
        "f1_score": 0.32417045683095297,
        "Disparate Impact": 0.7879440221366787,
        "Equal Opportunity": 0.001133955280692267,
        "Equalized Odds": 0.012819998816153144,
        "Predictive Parity": 0.029814926793073737,
        "N-Sigma (ErrorRate)": 0.06222415448959343,
        "Average distance from origin": 0.09322181191894299
    },
    "std": {
        "accuracy": 0.0,
        "f1_score": 5.851389114294502e-17,
        "Disparate Impact": 0.0,
        "Equal Opportunity": 0.0,
        "Equalized Odds": 0.0,
        "Predictive Parity": 0.0,
        "N-Sigma (ErrorRate)": 7.314236392868128e-18,
        "Average distance from origin": 1.2049537824557348e-06
    },
    "num_runs": 10
}