{
    "mean": {
        "accuracy": 0.5788335871861642,
        "f1_score": 0.373855444901446,
        "Disparate Impact": 0.9513945998671409,
        "Equal Opportunity": 0.0037859976625180813,
        "Equalized Odds": 0.011020007728268943,
        "Predictive Parity": 0.014688190383373101,
        "N-Sigma (ErrorRate)": 0.026650828881027645,
        "Average distance from origin": 0.10866969279477272
    },
    "std": {
        "accuracy": 0.0,
        "f1_score": 0.0,
        "Disparate Impact": 0.0,
        "Equal Opportunity": 0.0,
        "Equalized Odds": 0.0,
        "Predictive Parity": 0.0,
        "N-Sigma (ErrorRate)": 0.0,
        "Average distance from origin": 9.180505471046387e-08
    },
    "num_runs": 2
}