{
    "mean": {
        "accuracy": 0.5642411438117231,
        "f1_score": 0.35042666267264194,
        "Disparate Impact": 1.25457570816741,
        "Equal Opportunity": 0.0038263861148278844,
        "Equalized Odds": 0.01289350479846807,
        "Predictive Parity": 0.02286760993117254,
        "N-Sigma (ErrorRate)": 0.04281379961266496,
        "Average distance from origin": 0.11024904880028741
    },
    "std": {
        "accuracy": 0.0,
        "f1_score": 0.0,
        "Disparate Impact": 0.0,
        "Equal Opportunity": 0.0,
        "Equalized Odds": 0.0,
        "Predictive Parity": 0.0,
        "N-Sigma (ErrorRate)": 0.0,
        "Average distance from origin": 0.0
    },
    "num_runs": 2
}