{
    "mean": {
        "accuracy": 0.5737237753648111,
        "f1_score": 0.3720770654727916,
        "Disparate Impact": 0.9430837251190485,
        "Equal Opportunity": 0.00027700528680729697,
        "Equalized Odds": 0.014913736271506606,
        "Predictive Parity": 0.010076223859196931,
        "N-Sigma (ErrorRate)": 0.018103500018206375,
        "Average distance from origin": 0.12958807101009073
    },
    "std": {
        "accuracy": 0.0,
        "f1_score": 0.0,
        "Disparate Impact": 0.0,
        "Equal Opportunity": 0.0,
        "Equalized Odds": 0.0,
        "Predictive Parity": 0.0,
        "N-Sigma (ErrorRate)": 0.0,
        "Average distance from origin": 4.161609743933624e-09
    },
    "num_runs": 2
}