{
    "mean": {
        "accuracy": 0.5599665896919374,
        "f1_score": 0.3350291790605903,
        "Disparate Impact": 0.8833430789841824,
        "Equal Opportunity": 0.0024330879680581896,
        "Equalized Odds": 0.008403367593949329,
        "Predictive Parity": 0.02802509367743522,
        "N-Sigma (ErrorRate)": 0.06018164192195065,
        "Average distance from origin": 0.10434639041579494
    },
    "std": {
        "accuracy": 0.0,
        "f1_score": 0.0,
        "Disparate Impact": 0.0,
        "Equal Opportunity": 0.0,
        "Equalized Odds": 0.0,
        "Predictive Parity": 0.0,
        "N-Sigma (ErrorRate)": 7.314236392868128e-18,
        "Average distance from origin": 1.6056665504401487e-06
    },
    "num_runs": 10
}