{
    "mean": {
        "accuracy": 0.5622758315727412,
        "f1_score": 0.34362514903838715,
        "Disparate Impact": 0.9767705130001347,
        "Equal Opportunity": 0.004598565978551461,
        "Equalized Odds": 0.014856104676308268,
        "Predictive Parity": 0.01874017780028575,
        "N-Sigma (ErrorRate)": 0.04277747853282288,
        "Average distance from origin": 0.10936930416690491
    },
    "std": {
        "accuracy": 0.0008338113667998367,
        "f1_score": 0.0004286377064003484,
        "Disparate Impact": 0.01797678981319965,
        "Equal Opportunity": 0.005535883432569894,
        "Equalized Odds": 0.008970466910364638,
        "Predictive Parity": 0.023925049541555415,
        "N-Sigma (ErrorRate)": 0.04212970209176539,
        "Average distance from origin": 0.0012727580099256936
    },
    "num_runs": 2
}