{
    "mean": {
        "accuracy": 0.5688596275733308,
        "f1_score": 0.37207766551887206,
        "Disparate Impact": 0.9120639370221465,
        "Equal Opportunity": 0.003430824281355438,
        "Equalized Odds": 0.012032419904267844,
        "Predictive Parity": 0.013892987774236754,
        "N-Sigma (ErrorRate)": 0.03293241355893142,
        "Average distance from origin": 0.1223052183088345
    },
    "std": {
        "accuracy": 0.0,
        "f1_score": 0.0,
        "Disparate Impact": 0.0,
        "Equal Opportunity": 0.0,
        "Equalized Odds": 0.0,
        "Predictive Parity": 0.0,
        "N-Sigma (ErrorRate)": 0.0,
        "Average distance from origin": 5.16081742929613e-06
    },
    "num_runs": 8
}