{
    "mean": {
        "accuracy": 0.5643885422296467,
        "f1_score": 0.3470684176736298,
        "Disparate Impact": 1.3589948918980366,
        "Equal Opportunity": 1.072295585657912e-09,
        "Equalized Odds": 3.747582133506455e-09,
        "Predictive Parity": 0.03754810807006159,
        "N-Sigma (ErrorRate)": 0.07584826379002321,
        "Average distance from origin": 0.11366184173560576
    },
    "std": {
        "accuracy": 0.0,
        "f1_score": 0.0,
        "Disparate Impact": 0.0,
        "Equal Opportunity": 0.0,
        "Equalized Odds": 0.0,
        "Predictive Parity": 0.0,
        "N-Sigma (ErrorRate)": 0.0,
        "Average distance from origin": 0.0
    },
    "num_runs": 8
}