{
    "mean": {
        "accuracy": 0.558148675870879,
        "f1_score": 0.33781878039984986,
        "Disparate Impact": 0.9699072221415287,
        "Equal Opportunity": 0.0037170900529358564,
        "Equalized Odds": 0.017001865177935338,
        "Predictive Parity": 0.02484816617927388,
        "N-Sigma (ErrorRate)": 0.0550987757467931,
        "Average distance from origin": 0.10098415413466756
    },
    "std": {
        "accuracy": 0.0,
        "f1_score": 0.0,
        "Disparate Impact": 0.0,
        "Equal Opportunity": 0.0,
        "Equalized Odds": 0.0,
        "Predictive Parity": 0.0,
        "N-Sigma (ErrorRate)": 0.0,
        "Average distance from origin": 3.640787764178116e-07
    },
    "num_runs": 2
}