{
    "mean": {
        "accuracy": 0.5708249398123126,
        "f1_score": 0.374375474426943,
        "Disparate Impact": 0.9178633068193163,
        "Equal Opportunity": 0.004959054618781433,
        "Equalized Odds": 0.007816587361812899,
        "Predictive Parity": 0.014563222448597868,
        "N-Sigma (ErrorRate)": 0.023818164854782813,
        "Average distance from origin": 0.11908116697994785
    },
    "std": {
        "accuracy": 0.0,
        "f1_score": 0.0,
        "Disparate Impact": 0.0,
        "Equal Opportunity": 0.0,
        "Equalized Odds": 0.0,
        "Predictive Parity": 0.0,
        "N-Sigma (ErrorRate)": 0.0,
        "Average distance from origin": 2.255659064809835e-06
    },
    "num_runs": 2
}