{
    "mean": {
        "accuracy": 0.5901639344262295,
        "f1_score": 0.20920314253647584,
        "Disparate Impact": 0.0,
        "Equal Opportunity": 0.0,
        "Equalized Odds": 0.11764705190311457,
        "Predictive Parity": 0.0,
        "N-Sigma (ErrorRate)": 0.33915304594242296,
        "Average distance from origin": 0.10785016461276024
    },
    "std": {
        "accuracy": 0.0,
        "f1_score": 0.0,
        "Disparate Impact": 0.0,
        "Equal Opportunity": 0.0,
        "Equalized Odds": 1.4628472785736255e-17,
        "Predictive Parity": 0.0,
        "N-Sigma (ErrorRate)": 5.851389114294502e-17,
        "Average distance from origin": 6.281183688909278e-05
    },
    "num_runs": 10
}