{
    "mean": {
        "accuracy": 0.6557377049180327,
        "f1_score": 0.3072784810126582,
        "Disparate Impact": 2.6923076923076925,
        "Equal Opportunity": 0.16666652777786573,
        "Equalized Odds": 0.16666652777786573,
        "Predictive Parity": 0.0,
        "N-Sigma (ErrorRate)": 0.13098161332294248,
        "Average distance from origin": 0.09848712935261418
    },
    "std": {
        "accuracy": 0.0,
        "f1_score": 0.0,
        "Disparate Impact": 0.0,
        "Equal Opportunity": 0.0,
        "Equalized Odds": 0.0,
        "Predictive Parity": 0.0,
        "N-Sigma (ErrorRate)": 0.0,
        "Average distance from origin": 2.6668979101397048e-05
    },
    "num_runs": 4
}