{
    "mean": {
        "accuracy": 0.639344262295082,
        "f1_score": 0.2447619047619048,
        "Disparate Impact": 0.33653846153846156,
        "Equal Opportunity": 0.24999993750001562,
        "Equalized Odds": 0.24999993750001562,
        "Predictive Parity": 0.9999990000010002,
        "N-Sigma (ErrorRate)": 0.11074385186813929,
        "Average distance from origin": 0.10460181382498361
    },
    "std": {
        "accuracy": 0.0,
        "f1_score": 5.851389114294502e-17,
        "Disparate Impact": 0.0,
        "Equal Opportunity": 0.0,
        "Equalized Odds": 0.0,
        "Predictive Parity": 1.1702778228589004e-16,
        "N-Sigma (ErrorRate)": 0.0,
        "Average distance from origin": 1.4211969339537167e-05
    },
    "num_runs": 10
}