{
    "mean": {
        "accuracy": 0.6475409836065573,
        "f1_score": 0.281332327802916,
        "Disparate Impact": 0.0,
        "Equal Opportunity": 0.12499996875000781,
        "Equalized Odds": 0.12499996875000781,
        "Predictive Parity": 0.49999950000050003,
        "N-Sigma (ErrorRate)": 0.17201216636602848,
        "Average distance from origin": 0.08441475583659455
    },
    "std": {
        "accuracy": 0.01159191444568104,
        "f1_score": 0.010203099356487604,
        "Disparate Impact": 0.0,
        "Equal Opportunity": 0.1767766511024741,
        "Equalized Odds": 0.1767766511024741,
        "Predictive Parity": 0.7071060740804734,
        "N-Sigma (ErrorRate)": 0.06511185692837872,
        "Average distance from origin": 0.009848026054075705
    },
    "num_runs": 2
}