{
    "mean": {
        "accuracy": 0.639344262295082,
        "f1_score": 0.3129120879120878,
        "Disparate Impact": 0.0,
        "Equal Opportunity": 0.49999987500003124,
        "Equalized Odds": 0.49999987500003124,
        "Predictive Parity": 0.6666664444445185,
        "N-Sigma (ErrorRate)": 0.12914983417519071,
        "Average distance from origin": 0.15133261149522897
    },
    "std": {
        "accuracy": 0.0,
        "f1_score": 5.851389114294502e-17,
        "Disparate Impact": 0.0,
        "Equal Opportunity": 0.0,
        "Equalized Odds": 0.0,
        "Predictive Parity": 0.0,
        "N-Sigma (ErrorRate)": 2.925694557147251e-17,
        "Average distance from origin": 4.637788788062716e-05
    },
    "num_runs": 10
}