{
    "mean": {
        "accuracy": 0.6065573770491803,
        "f1_score": 0.2057754010695187,
        "Disparate Impact": 0.6730769230769231,
        "Equal Opportunity": 0.0,
        "Equalized Odds": 0.0,
        "Predictive Parity": 0.0,
        "N-Sigma (ErrorRate)": 0.23211927476386046,
        "Average distance from origin": 0.09719153914058232
    },
    "std": {
        "accuracy": 0.0,
        "f1_score": 0.0,
        "Disparate Impact": 0.0,
        "Equal Opportunity": 0.0,
        "Equalized Odds": 0.0,
        "Predictive Parity": 0.0,
        "N-Sigma (ErrorRate)": 0.0,
        "Average distance from origin": 4.0621775868698305e-06
    },
    "num_runs": 2
}