{
    "mean": {
        "accuracy": 0.5409836065573771,
        "f1_score": 0.24751131221719458,
        "Disparate Impact": 0.28846153846153844,
        "Equal Opportunity": 0.16666669444439353,
        "Equalized Odds": 0.28333331361111247,
        "Predictive Parity": 0.21428550510216,
        "N-Sigma (ErrorRate)": 0.5465558223892385,
        "Average distance from origin": 0.26652474142181426
    },
    "std": {
        "accuracy": 0.0,
        "f1_score": 0.0,
        "Disparate Impact": 0.0,
        "Equal Opportunity": 0.0,
        "Equalized Odds": 0.0,
        "Predictive Parity": 0.0,
        "N-Sigma (ErrorRate)": 0.0,
        "Average distance from origin": 0.0001268709754991842
    },
    "num_runs": 4
}