{
    "mean": {
        "accuracy": 0.6065573770491803,
        "f1_score": 0.28645357686453576,
        "Disparate Impact": 0.6730769230769231,
        "Equal Opportunity": 0.6666664444445185,
        "Equalized Odds": 0.6666664444445185,
        "Predictive Parity": 0.6666664444445185,
        "N-Sigma (ErrorRate)": 0.1504476817294762,
        "Average distance from origin": 0.19337642124388382
    },
    "std": {
        "accuracy": 0.0,
        "f1_score": 0.0,
        "Disparate Impact": 0.0,
        "Equal Opportunity": 0.0,
        "Equalized Odds": 0.0,
        "Predictive Parity": 0.0,
        "N-Sigma (ErrorRate)": 0.0,
        "Average distance from origin": 0.0008830734553711914
    },
    "num_runs": 2
}