{
    "mean": {
        "accuracy": 0.639344262295082,
        "f1_score": 0.33583710407239825,
        "Disparate Impact": 0.8076923076923078,
        "Equal Opportunity": 0.499999750000125,
        "Equalized Odds": 0.499999750000125,
        "Predictive Parity": 0.499999750000125,
        "N-Sigma (ErrorRate)": 0.3591081896647838,
        "Average distance from origin": 0.13511825869092417
    },
    "std": {
        "accuracy": 0.0,
        "f1_score": 0.0,
        "Disparate Impact": 0.0,
        "Equal Opportunity": 0.0,
        "Equalized Odds": 0.0,
        "Predictive Parity": 0.0,
        "N-Sigma (ErrorRate)": 0.0,
        "Average distance from origin": 8.743088047836004e-06
    },
    "num_runs": 4
}