{
    "mean": {
        "accuracy": 0.9502369668246445,
        "f1_score": 0.9502712404278296,
        "Disparate Impact": 1.1139573070607554,
        "Equal Opportunity": 0.0310344806539834,
        "Equalized Odds": 0.11111110493827195,
        "Predictive Parity": 0.06896551230897996,
        "N-Sigma (ErrorRate)": 0.3412191855566782,
        "Average distance from origin": 0.2224522199330267
    },
    "std": {
        "accuracy": 0.0,
        "f1_score": 0.0,
        "Disparate Impact": 0.0,
        "Equal Opportunity": 0.0,
        "Equalized Odds": 0.0,
        "Predictive Parity": 0.0,
        "N-Sigma (ErrorRate)": 0.0,
        "Average distance from origin": 8.754385888035569e-06
    },
    "num_runs": 4
}