{
    "mean": {
        "accuracy": 0.943127962085308,
        "f1_score": 0.9412049234035271,
        "Disparate Impact": 1.3325714285714285,
        "Equal Opportunity": 0.006666672844443999,
        "Equalized Odds": 0.026315788781163457,
        "Predictive Parity": 0.03333332388888954,
        "N-Sigma (ErrorRate)": 0.026547896768313314,
        "Average distance from origin": 0.21781922252886338
    },
    "std": {
        "accuracy": 0.0,
        "f1_score": 0.0,
        "Disparate Impact": 0.0,
        "Equal Opportunity": 0.0,
        "Equalized Odds": 0.0,
        "Predictive Parity": 0.0,
        "N-Sigma (ErrorRate)": 0.0,
        "Average distance from origin": 3.5920191554282643e-06
    },
    "num_runs": 2
}