{
    "mean": {
        "accuracy": 0.8507109004739336,
        "f1_score": 0.8461575373206421,
        "Disparate Impact": 1.271252204585538,
        "Equal Opportunity": 0.11999999520000015,
        "Equalized Odds": 0.11999999520000015,
        "Predictive Parity": 0.08876811381865679,
        "N-Sigma (ErrorRate)": 0.16017128358126656,
        "Average distance from origin": 0.16241225575060042
    },
    "std": {
        "accuracy": 0.0,
        "f1_score": 0.0,
        "Disparate Impact": 0.0,
        "Equal Opportunity": 0.0,
        "Equalized Odds": 0.0,
        "Predictive Parity": 0.0,
        "N-Sigma (ErrorRate)": 0.0,
        "Average distance from origin": 9.16231986306999e-06
    },
    "num_runs": 4
}