{
    "mean": {
        "accuracy": 0.8578199052132701,
        "f1_score": 0.8513460547262726,
        "Disparate Impact": 1.1723502304147466,
        "Equal Opportunity": 0.1688311535039645,
        "Equalized Odds": 0.1688311535039645,
        "Predictive Parity": 0.10839159754755812,
        "N-Sigma (ErrorRate)": 0.29011710979092464,
        "Average distance from origin": 0.2573314335478091
    },
    "std": {
        "accuracy": 0.0,
        "f1_score": 0.0,
        "Disparate Impact": 0.0,
        "Equal Opportunity": 0.0,
        "Equalized Odds": 0.0,
        "Predictive Parity": 0.0,
        "N-Sigma (ErrorRate)": 0.0,
        "Average distance from origin": 0.00030405565899589617
    },
    "num_runs": 4
}