{
    "mean": {
        "accuracy": 0.8957345971563981,
        "f1_score": 0.8921754493796658,
        "Disparate Impact": 1.448447204968944,
        "Equal Opportunity": 0.018571424308163498,
        "Equalized Odds": 0.026315788781163457,
        "Predictive Parity": 0.04166665897817523,
        "N-Sigma (ErrorRate)": 0.006901843896283548,
        "Average distance from origin": 0.20462821417945853
    },
    "std": {
        "accuracy": 0.0,
        "f1_score": 0.0,
        "Disparate Impact": 0.0,
        "Equal Opportunity": 0.0,
        "Equalized Odds": 0.0,
        "Predictive Parity": 0.0,
        "N-Sigma (ErrorRate)": 0.0,
        "Average distance from origin": 2.9779625409733066e-05
    },
    "num_runs": 4
}