{
    "mean": {
        "accuracy": 0.8151658767772512,
        "f1_score": 0.8123247907939853,
        "Disparate Impact": 1.0095238095238097,
        "Equal Opportunity": 0.1837944599392275,
        "Equalized Odds": 0.1837944599392275,
        "Predictive Parity": 0.2173912948960306,
        "N-Sigma (ErrorRate)": 0.3475852372450998,
        "Average distance from origin": 0.18193504558127394
    },
    "std": {
        "accuracy": 0.0,
        "f1_score": 0.0,
        "Disparate Impact": 0.0,
        "Equal Opportunity": 0.0,
        "Equalized Odds": 0.0,
        "Predictive Parity": 0.0,
        "N-Sigma (ErrorRate)": 0.0,
        "Average distance from origin": 9.695132680327635e-06
    },
    "num_runs": 2
}