{
    "mean": {
        "accuracy": 0.8364928909952607,
        "f1_score": 0.8349923615976064,
        "Disparate Impact": 1.1723502304147466,
        "Equal Opportunity": 0.0799999913454551,
        "Equalized Odds": 0.0799999913454551,
        "Predictive Parity": 0.07190634695081755,
        "N-Sigma (ErrorRate)": 0.14318571722266896,
        "Average distance from origin": 0.21383541460027666
    },
    "std": {
        "accuracy": 0.0,
        "f1_score": 0.0,
        "Disparate Impact": 0.0,
        "Equal Opportunity": 0.0,
        "Equalized Odds": 0.0,
        "Predictive Parity": 0.0,
        "N-Sigma (ErrorRate)": 0.0,
        "Average distance from origin": 1.9838916444469888e-05
    },
    "num_runs": 2
}