{
    "mean": {
        "accuracy": 0.8554502369668247,
        "f1_score": 0.8532295303676882,
        "Disparate Impact": 1.139784946236559,
        "Equal Opportunity": 0.0016666681972220543,
        "Equalized Odds": 0.009868418531423326,
        "Predictive Parity": 0.03525640582881362,
        "N-Sigma (ErrorRate)": 0.006774839195408948,
        "Average distance from origin": 0.16356959246305863
    },
    "std": {
        "accuracy": 0.0,
        "f1_score": 0.0,
        "Disparate Impact": 0.0,
        "Equal Opportunity": 0.0,
        "Equalized Odds": 0.0,
        "Predictive Parity": 0.0,
        "N-Sigma (ErrorRate)": 0.0,
        "Average distance from origin": 1.4450557194344303e-05
    },
    "num_runs": 4
}