{
    "mean": {
        "accuracy": 0.7819905213270142,
        "f1_score": 0.7764667602785631,
        "Disparate Impact": 1.730612244897959,
        "Equal Opportunity": 0.03623189254708303,
        "Equalized Odds": 0.04276315903090359,
        "Predictive Parity": 0.1041666427951411,
        "N-Sigma (ErrorRate)": 0.006994214227585219,
        "Average distance from origin": 0.2139549708778155
    },
    "std": {
        "accuracy": 0.0,
        "f1_score": 0.0,
        "Disparate Impact": 0.0,
        "Equal Opportunity": 0.0,
        "Equalized Odds": 0.0,
        "Predictive Parity": 0.0,
        "N-Sigma (ErrorRate)": 0.0,
        "Average distance from origin": 0.00011733118105258897
    },
    "num_runs": 4
}