{
    "mean": {
        "accuracy": 0.9075829383886256,
        "f1_score": 0.904633431873351,
        "Disparate Impact": 1.2036630036630036,
        "Equal Opportunity": 0.027142852230612524,
        "Equalized Odds": 0.05263157756232691,
        "Predictive Parity": 0.07407406488936663,
        "N-Sigma (ErrorRate)": 0.10093784747514827,
        "Average distance from origin": 0.20805427510053906
    },
    "std": {
        "accuracy": 0.0,
        "f1_score": 0.0,
        "Disparate Impact": 0.0,
        "Equal Opportunity": 0.0,
        "Equalized Odds": 0.0,
        "Predictive Parity": 0.0,
        "N-Sigma (ErrorRate)": 0.0,
        "Average distance from origin": 0.0
    },
    "num_runs": 2
}