{
    "Disparate Impact": 0.9922513735041651,
    "Equal Opportunity": 0.0030305118376020568,
    "Equalized Odds": 0.017882009186012904,
    "Predictive Parity": 0.017567342876399605,
    "N-Sigma (ErrorRate)": 0.04022140287558395,
    "Average distance from origin": 0.12472372317844777
}