{
    "Disparate Impact": 1.1723502304147466,
    "Equal Opportunity": 0.10714284903061266,
    "Equalized Odds": 0.10714284903061266,
    "Predictive Parity": 0.10714284903061266,
    "N-Sigma (ErrorRate)": 0.29979747349013924,
    "Average distance from origin": 0.172727570543521
}