{
    "Disparate Impact": 0.5768707482993197,
    "Equal Opportunity": 0.2848297020004038,
    "Equalized Odds": 0.3333333111111126,
    "Predictive Parity": 0.29411756358132823,
    "N-Sigma (ErrorRate)": 0.2386559082125035,
    "Average distance from origin": 0.15320326572792325
}