{
    "Disparate Impact": 2.6923076923076925,
    "Equal Opportunity": 0.499999750000125,
    "Equalized Odds": 0.499999750000125,
    "Predictive Parity": 0.9999990000010001,
    "N-Sigma (ErrorRate)": 0.34026484026077963,
    "Average distance from origin": 0.09740549017863198
}