,Heart Disease,Obesity,Diabetes
Ungrouped,0.136363,0.216112,0.110511
Random,0.148008,0.183352,0.113003
Greedy,0.131102,0.205884,0.105032
K-plus,0.103804,0.168760,0.106194
Bicriterion,0.113139,0.197271,0.107560
