{
    "Disparate Impact": 0.0,
    "Equal Opportunity": 0.24999993750001562,
    "Equalized Odds": 0.24999993750001562,
    "Predictive Parity": 0.33333322222225925,
    "N-Sigma (ErrorRate)": 0.3131768007978228,
    "Average distance from origin": 0.11285486545265885
}