{
    "Disparate Impact": 0.2692307692307693,
    "Equal Opportunity": 0.21428550510216,
    "Equalized Odds": 0.21428550510216,
    "Predictive Parity": 4.999992498921912e-07,
    "N-Sigma (ErrorRate)": 0.3567065998501436,
    "Average distance from origin": 0.1111312383282929
}