{
    "Disparate Impact": 1.1723502304147466,
    "Equal Opportunity": 0.0799999913454551,
    "Equalized Odds": 0.0799999913454551,
    "Predictive Parity": 0.07190634695081755,
    "N-Sigma (ErrorRate)": 0.14318571722266896,
    "Average distance from origin": 0.21384944283262594
}