{
    "Disparate Impact": 0.8749201802773134,
    "Equal Opportunity": 0.004208751792883381,
    "Equalized Odds": 0.01037031719705861,
    "Predictive Parity": 0.0038170227643825605,
    "N-Sigma (ErrorRate)": 0.0014527024196650821,
    "Average distance from origin": 0.0933792031023184
}