{
    "Disparate Impact": 0.0,
    "Equal Opportunity": 0.24999993750001562,
    "Equalized Odds": 0.24999993750001562,
    "Predictive Parity": 0.499999750000125,
    "N-Sigma (ErrorRate)": 0.21761510681346383,
    "Average distance from origin": 0.10744580297516397
}