{
    "Disparate Impact": 0.9640590030192561,
    "Equal Opportunity": 0.0006841052635230271,
    "Equalized Odds": 0.02119918265903664,
    "Predictive Parity": 0.03565774257134369,
    "N-Sigma (ErrorRate)": 0.07256767657127926,
    "Average distance from origin": 0.10846932834727695
}