,Heart Disease,Obesity,Diabetes
Ungrouped,0.647059,0.049820,0.023926
Random,0.510989,0.137563,0.021026
Greedy,0.849999,0.062656,0.034074
K-plus,0.749999,0.158024,0.035889
Bicriterion,0.659722,0.073553,0.020569
