{
    "Disparate Impact": 0.0,
    "Equal Opportunity": 0.0,
    "Equalized Odds": 0.11764705190311459,
    "Predictive Parity": 0.0,
    "N-Sigma (ErrorRate)": 0.339153045942423,
    "Average distance from origin": 0.1077935012254208
}