{
    "Disparate Impact": 0.6730769230769231,
    "Equal Opportunity": 0.0,
    "Equalized Odds": 0.0,
    "Predictive Parity": 0.0,
    "N-Sigma (ErrorRate)": 0.23211927476386046,
    "Average distance from origin": 0.09722736518503165
}