{
    "Disparate Impact": 0.9120639370221465,
    "Equal Opportunity": 0.003430824281355438,
    "Equalized Odds": 0.012032419904267844,
    "Predictive Parity": 0.013892987774236754,
    "N-Sigma (ErrorRate)": 0.03293241355893142,
    "Average distance from origin": 0.12230035637939664
}