{
    "Disparate Impact": 0.2692307692307693,
    "Equal Opportunity": 0.24999993750001562,
    "Equalized Odds": 0.24999993750001562,
    "Predictive Parity": 0.9999990000010001,
    "N-Sigma (ErrorRate)": 0.1257312734274396,
    "Average distance from origin": 0.12229225212154364
}