,Heart Disease,Obesity,Diabetes
Ungrouped,0.519608,0.029511,0.005273
Random,0.213736,0.102813,0.003085
Greedy,0.312500,0.127977,0.004226
K-plus,0.372727,0.218934,0.002237
Bicriterion,0.231933,0.091136,0.003771
