{
    "Disparate Impact": 1.4272577996715927,
    "Equal Opportunity": 0.06643356959998004,
    "Equalized Odds": 0.06643356959998004,
    "Predictive Parity": 0.09551655088935385,
    "N-Sigma (ErrorRate)": 0.04671904442394823,
    "Average distance from origin": 0.1752453925060274
}