{
    "Disparate Impact": 1.1648351648351647,
    "Equal Opportunity": 0.268571422182313,
    "Equalized Odds": 0.268571422182313,
    "Predictive Parity": 0.07500001687499791,
    "N-Sigma (ErrorRate)": 0.45967287346923275,
    "Average distance from origin": 0.18458669706725186
}