{
    "Disparate Impact": 1.271252204585538,
    "Equal Opportunity": 0.11538460593002375,
    "Equalized Odds": 0.11538460593002375,
    "Predictive Parity": 0.11538460593002375,
    "N-Sigma (ErrorRate)": 0.2873580966063849,
    "Average distance from origin": 0.21919188405807719
}