{
    "Disparate Impact": 0.8010999476529611,
    "Equal Opportunity": 2.7160338422760333e-09,
    "Equalized Odds": 7.828784620578233e-09,
    "Predictive Parity": 0.020886292748289903,
    "N-Sigma (ErrorRate)": 0.042048340492232446,
    "Average distance from origin": 0.09392470468076235
}