{
    "Disparate Impact": 0.0,
    "Equal Opportunity": 0.0,
    "Equalized Odds": 0.05882352595155729,
    "Predictive Parity": 0.0,
    "N-Sigma (ErrorRate)": 0.38686546116364606,
    "Average distance from origin": 0.07918032982410791
}