{
    "Disparate Impact": 1.3461538461538463,
    "Equal Opportunity": 0.299999790000117,
    "Equalized Odds": 0.299999790000117,
    "Predictive Parity": 0.0,
    "N-Sigma (ErrorRate)": 0.3078070219112933,
    "Average distance from origin": 0.07439781356791164
}