{
    "Disparate Impact": 0.28846153846153844,
    "Equal Opportunity": 0.16666669444439353,
    "Equalized Odds": 0.28333331361111247,
    "Predictive Parity": 0.21428550510216,
    "N-Sigma (ErrorRate)": 0.5465558223892385,
    "Average distance from origin": 0.2663694045168318
}