{
    "Disparate Impact": 0.9749112326959161,
    "Equal Opportunity": 0.006718976297581891,
    "Equalized Odds": 0.012572706811060486,
    "Predictive Parity": 0.029468048014113957,
    "N-Sigma (ErrorRate)": 0.0667876395421235,
    "Average distance from origin": 0.10724754579108144
}