{
    "Disparate Impact": 2.6923076923076925,
    "Equal Opportunity": 0.0,
    "Equalized Odds": 0.0823529380968859,
    "Predictive Parity": 0.0,
    "N-Sigma (ErrorRate)": 0.05635228670512868,
    "Average distance from origin": 0.15892781652818921
}