{
    "Disparate Impact": 0.0,
    "Equal Opportunity": 0.24999993750001562,
    "Equalized Odds": 0.24999993750001562,
    "Predictive Parity": 0.9999990000010001,
    "N-Sigma (ErrorRate)": 0.1259711307963236,
    "Average distance from origin": 0.07745114983245582
}