{
    "Disparate Impact": 0.33653846153846156,
    "Equal Opportunity": 0.24999993750001562,
    "Equalized Odds": 0.24999993750001562,
    "Predictive Parity": 0.499999750000125,
    "N-Sigma (ErrorRate)": 0.21805320193573335,
    "Average distance from origin": NaN
}