{
    "Disparate Impact": 0.0,
    "Equal Opportunity": 0.0,
    "Equalized Odds": 0.05882352595155729,
    "Predictive Parity": 0.0,
    "N-Sigma (ErrorRate)": 0.23843046385686,
    "Average distance from origin": 0.10638955577023618
}