{
    "Disparate Impact": 1.6657142857142855,
    "Equal Opportunity": 0.1340579668465135,
    "Equalized Odds": 0.1340579668465135,
    "Predictive Parity": 0.11999997964444609,
    "N-Sigma (ErrorRate)": 0.1264405766411475,
    "Average distance from origin": 0.21318921611550287
}